{
  "EV_SPO_SiteUrl": "https://contoso.sharepoint.com/sites/HR-Onboarding",
  "EV_SPO_ListName_NewHires": "New Hires",
  "EV_Tenant_Domain": "contoso.com",
  "EV_Email_From": "",
  "EV_Group_HR_ObjectId": "00000000-0000-0000-0000-000000000001",
  "EV_Group_IT_ObjectId": "00000000-0000-0000-0000-000000000002",
  "EV_Group_License_Base_ObjectId": "00000000-0000-0000-0000-000000000003",
  "EV_Group_Dept_Default_ObjectId": "00000000-0000-0000-0000-000000000004",
  "EV_UPN_Format": "{first}.{last}@{tenant}",
  "EV_Sam_Format": "{first}{last:1}"
}